idarticulo,idcategoria,codigo,nombre,precio_venta,stock,descripcion,imagen,estado
1,3,4572570011404,Operation,489.63,843,it too hospital such see indicate rate say statement film,boy.bmp,0
2,22,5534368831952,Accept,232.53,957,rich draw necessary including still ever thing available animal behavior,thing.jpg,1
3,9,5541609645667,Manager,407.86,1,he peace woman ok apply full sort religious building action,hospital.gif,0
4,10,4520433978142,Pull,490.89,733,choice something account against expert edge they base finish way,interesting.gif,1
5,5,5505920218887,Foot,203.91,245,arrive conference accept edge enjoy same seat ability civil machine,difficult.gif,0
6,13,5541326743592,Red,193.94,816,agreement evening mission today skin even another local accept kitchen,its.png,0
7,2,5522476610705,Laugh,334.56,397,door admit exist fish food debate magazine action every language,skill.jpg,1
8,1,4530090782853,Possible,345.89,390,me film population alone matter window special expert character thing,without.jpeg,0
9,1,5559756914130,North,411.23,563,across lose sometimes involve value all else stand book campaign,individual.jpg,0
10,15,4588243054562,Lead,283.59,129,early year that each exist four general career door walk,sure.jpeg,0
11,9,4500829030326,Action,348.44,538,i crime home debate country benefit civil quality every add,for.jpg,1
12,4,5582873357184,Red,318.32,252,head challenge phone really avoid challenge college exactly artist nature,thing.tiff,0
13,14,4525764771127,Soldier,321.42,668,yard myself public building knowledge front believe history make eight,picture.gif,1
14,9,5579256988356,Forward,423.51,338,manage sister chair never decision nature fine property to training,subject.tiff,1
15,3,4516225507904,Offer,155.82,898,let shake per debate most arrive west authority professor arrive,buy.bmp,1
16,2,4577872790439,She,448.43,280,sure culture true year tonight newspaper task majority control available,buy.gif,1
17,19,4599730068207,Glass,467.43,554,movement reduce often couple serve whether act type so item,eight.gif,1
18,12,5549312655768,Surface,381.14,278,home week huge young throughout attention lawyer detail face line,song.bmp,1
19,12,5539410404634,Bed,270,424,middle relate about executive fish education local level company rest,best.gif,0
20,16,5558863826053,Ball,320,41,find court development natural their second allow western hard room,new.jpeg,0
21,18,4567309427656,Since,38.48,759,environmental central attorney compare maintain among store modern gas standard,term.tiff,1
22,7,4543435080637,Decision,488.39,385,necessary indeed sure concern experience reflect worry matter a question,her.gif,0
23,21,4555264519783,Law,43.04,823,attack his friend reflect sort wide activity democrat improve south,worry.gif,1
24,5,5573502671955,Somebody,289.76,800,in ready college build them could suggest official reason whether,hit.png,0
25,15,4581497073136,Any,93.23,603,mrs table gas mother practice democrat believe to yourself hit,charge.gif,0
26,2,4504547903092,Indicate,497.77,133,sometimes there among ask current per always message scientist treat,sound.gif,0
27,18,5551015398897,For,119.69,445,different grow second reduce nor almost time fish wish system,determine.bmp,0
28,12,4536575118476,Him,311.75,696,big interesting go father eat very billion stage investment gas,alone.bmp,1
29,7,5511239651062,Question,446.29,185,back hit old material difficult today guy notice end huge,medical.tiff,1
30,7,4573163426827,Check,219.37,120,relationship various yard quality left work able watch increase camera,his.png,0
31,2,5505815979749,Director,73.88,98,now fine bag white shoulder scene sense old develop while,really.jpeg,0
32,7,4505716236751,Church,308.92,1,light line phone pm particularly car sure perhaps throughout none,remember.tiff,0
33,12,4585542317909,Public,19.63,534,environmental question six beyond newspaper organization usually school argue store,college.gif,0
34,4,4514237037631,Staff,351.34,689,cut high itself individual toward senior check direction money whole,husband.tiff,1
35,13,5509061258955,Agree,22.59,299,world campaign worry reach outside production student why personal explain,education.gif,1
36,8,5595604058212,International,153.66,832,account course contain compare rate open force write hard campaign,property.bmp,0
37,19,5532528666215,Skill,115.23,275,pull but interesting reveal amount reality wait level get performance,it.jpeg,0
38,14,4585648523938,Law,470.33,109,they do class stop everything option box nothing she recognize,laugh.bmp,1
39,4,5538252964771,Nice,121.74,769,song let account such marriage mission stay ground offer stay,administration.png,1
40,2,5529291519510,Report,219.55,174,easy source different significant memory blue continue herself he go,avoid.tiff,0
41,13,4561129391555,Practice,205.27,781,painting her election serve need value rule at think maybe,word.gif,1
42,11,4589016561034,Make,460,111,scientist each work price happen avoid already long subject career,usually.bmp,1
43,2,5558475476615,Since,391.07,616,opportunity help data smile democrat order evidence even hit everything,laugh.jpeg,0
44,6,4525113910856,Full,282.41,892,son defense wrong even strategy at college town consider or,trouble.gif,0
45,12,5559504598759,Result,479.96,414,fish water reason later support worker decide today return brother,in.gif,1
46,1,5579186199020,Focus,431.52,348,soldier same however east detail significant choose what action model,because.bmp,1
47,21,5517053466011,Leave,337.74,838,head finish since cause peace business good bar put field,perform.bmp,0
48,16,5532596019944,Ability,263.78,957,democratic current detail firm business artist should student toward arrive,within.bmp,0
49,12,5596564178019,Rock,118.44,60,movie my long apply computer glass study huge exist senior,himself.tiff,0
50,13,4568071401141,Simple,42.28,177,area clearly major name account hot throughout measure if benefit,sort.bmp,1
51,11,4595905495144,Word,40.31,88,entire box relate cause west attorney imagine republican easy most,authority.jpg,0
52,15,4509788859122,Film,323.06,652,participant professional box worker there west speak building enjoy woman,last.tiff,0
53,20,4548270764803,Process,78.35,644,forget movement each they hit participant i newspaper computer relationship,letter.jpg,0
54,21,5507602603080,Generation,50.19,653,attack phone federal trial kid kind effect memory network now,purpose.jpg,0
55,20,4529828655835,Ahead,134.85,789,member whose team behind a exist mean might everybody town,course.bmp,0
56,18,5595608370877,Organization,50.03,17,physical street husband wonder book dog scientist policy student never,institution.tiff,0
57,14,5524372286619,Anything,248.37,276,trouble professor will establish analysis true government third population range,picture.gif,1
58,14,5525958051911,There,366.86,657,chance test financial everything knowledge standard trouble white purpose detail,different.tiff,1
59,21,5514445029533,Other,250.12,978,popular heart majority rest boy week than apply treatment nearly,catch.png,0
60,10,5581768407546,Store,63.68,643,religious east hospital manage family which radio hotel natural order,feel.png,1
61,16,4537761334571,Father,249.05,160,agency rule together want rise conference impact mrs direction pick,position.jpeg,1
62,4,4527946188204,Executive,310.82,829,detail go tough then section population half far process two,kind.jpeg,0
63,10,4575893426351,Those,76.54,415,south camera energy human nation front open follow suggest usually,girl.gif,1
64,18,4592235260510,Say,307.95,508,or push join performance significant push box middle education forget,since.jpeg,1
65,6,4542513496605,Budget,247.48,471,interest likely risk example democratic evening whose along expert develop,heavy.png,1
66,21,5524590248253,Career,225.15,857,door indeed letter shoulder player leave establish popular third paper,teach.gif,1
67,12,5545374676086,Lot,288.26,690,civil take not serve coach prevent yard discussion it tell,meeting.png,1
68,8,5552744822370,Body,408.43,981,far student moment represent hospital education capital buy fill fall,structure.gif,1
69,21,5546300220991,Human,426.36,862,no whole share situation pressure something oil type wrong represent,follow.jpeg,1
70,17,5555902456851,Sea,128.89,301,author civil media thus blood course whose sea employee physical,law.jpeg,0
71,13,4574500124796,Message,63.63,804,cup dog apply adult out anything range lot ago daughter,just.png,0
72,3,4553036293138,Trade,175.82,472,appear end speak population federal staff room serve former front,it.gif,1
73,3,4565683405468,Lawyer,406,478,approach mrs huge sure improve player determine receive on now,data.png,0
74,17,4598222596921,Information,296.2,210,class fine around music either lose blue property without exactly,artist.gif,0
75,9,4512927069115,Bank,239.29,960,family break month sea trip at or american charge line,hundred.bmp,0
76,10,4505435981369,Run,163.79,830,could life something player discover major concern development eat deep,step.gif,0
77,19,4517379439257,Imagine,9.26,584,air job upon upon environmental admit gun name fall family,tough.bmp,0
78,22,5586671045977,End,352.85,30,process guess always teacher age listen tend bar detail phone,affect.jpeg,0
79,5,5528856206261,Sort,155.87,788,his who appear job bar dinner rest hold local cut,capital.jpeg,0
80,3,4554519826034,Fund,322.74,650,want actually president hair successful side own interest race maintain,view.tiff,1
81,8,4573373913339,Office,158.13,883,near north tell employee economic example heart wear writer phone,for.gif,0
82,6,4599906939607,Take,223.66,345,activity everything ahead tough market example short exist network fight,trial.png,1
83,3,4593805773508,Race,112.23,608,recently process per one quality sister occur performance we interview,father.bmp,1
84,3,4580891130636,Human,96.51,194,join major friend eat writer kitchen beat successful yet skill,second.tiff,0
85,8,5585254679158,Front,137.15,614,board easy special woman cost person body full tough young,reality.bmp,1
86,21,5591877715593,Effort,391.88,287,four test adult light religious high other pay trade claim,high.tiff,0
87,6,5509491518797,Somebody,373.38,647,big draw half own race school some someone quality read,now.png,1
88,13,5580230069299,Everyone,66.7,375,i election concern amount friend ready animal task daughter tough,team.gif,0
89,7,5560376191559,Beat,260.06,605,several pick line friend indeed thought measure ever although concern,appear.jpg,0
90,11,5523600334009,Card,392.82,885,though population news stand from pretty quality statement worry once,good.bmp,1
91,20,5526893386618,Item,335.95,681,cover decision officer stuff whole its themselves share deep series,board.tiff,0
92,19,4546575490083,Green,472.14,413,day job military why us room tree about enter prove,expert.jpg,1
93,13,4517488389641,Thought,66.81,396,stage young seem drop forget create seat particularly management alone,money.jpeg,1
94,7,4577050234571,White,370.4,473,yes onto center best need inside back amount ability war,war.tiff,0
95,15,4552788524217,First,163.79,303,rate on person simple artist lay speak talk safe daughter,make.gif,1
96,14,5540831861784,Arrive,342.87,875,successful believe rich citizen born check movie between anyone maybe,statement.tiff,1
97,2,4542428418174,Meet,192.36,755,organization recognize good last expect bring fill yeah from large,think.png,1
98,4,4545113578528,Government,296.77,558,leg run school cell future more however training group best,discuss.tiff,1
99,9,4542435505003,Fish,167.25,719,thousand sometimes everyone their agent officer though red of rock,exactly.gif,0
100,19,4590537825192,Hotel,213.88,265,million by until might create position especially great paper conference,car.gif,1
101,3,5542619693969,Nothing,485.23,575,point method art no report this wife will simply feel,she.jpeg,0
102,4,5585811174737,Factor,285.37,5,and term allow rest power carry little wait step single,change.png,0
103,5,5565090068545,Power,144.68,606,service care little see pass beyond away trouble night yet,fly.bmp,0
104,7,5578358622274,Player,251.33,970,serious base military today probably see before short choice shake,discussion.bmp,1
105,20,4569097828028,Analysis,133.93,658,daughter guess boy candidate rule buy fill executive security modern,professor.jpeg,0
106,7,4570184007783,Character,127.81,585,central reflect nature role hospital while listen hope beautiful name,list.tiff,1
107,4,5587828348170,Religious,342.38,678,big usually chair account top him newspaper wall hotel keep,everything.png,0
108,14,5514075724679,Structure,175.16,397,top mrs sure as effect purpose sometimes spend president expert,citizen.gif,0
109,16,4553170512386,Moment,176.96,461,education fill movement size surface sister nation major fish yard,lot.jpg,0
110,19,5555099566357,Start,114.19,353,determine add music tv difference science possible stage own forward,TV.gif,1
111,20,5547323801815,Move,489.22,916,yourself business drug bar country from then player return shoulder,team.bmp,1
112,13,4506051842256,Could,483.75,25,left away sea to behavior there prepare population dinner bar,character.jpeg,0
113,10,4542411369711,Picture,50.14,416,often area blue your keep material wait can partner dog,experience.jpg,0
114,5,4539912040195,Cold,197.51,715,concern bring none now evidence father support audience kitchen boy,age.png,0
115,4,4505487060845,Report,489.48,460,culture too for quickly week far never better experience hour,interest.gif,0
116,3,5552417979691,Watch,172.99,607,prove economy past with interesting bar avoid gas scientist structure,feeling.png,1
117,11,5554651192201,Marriage,39.69,872,court heavy station heavy wonder everybody head lead science watch,course.gif,1
118,6,5508537982462,Thing,77.99,91,tell american compare court seven bad suggest hit however fall,person.bmp,1
119,3,4549291425421,Authority,243.75,303,seven woman little community between dog any response serve them,certain.tiff,1
120,21,5515660685610,Left,183.66,250,serve police enough air performance one mean true price bad,through.jpeg,1
121,17,5581946539342,Way,41.67,121,half summer them film represent dinner probably early while team,address.png,1
122,19,4504897227817,Doctor,121.02,652,all letter building rather peace message individual voice trip cell,industry.png,1
123,12,4539853413690,Fear,498.28,290,price number season pick per not surface situation fish alone,especially.jpg,0
124,10,4586408336294,Also,330.84,487,situation back management building forget any table establish important measure,white.jpg,0
125,7,5591692830181,City,462.46,607,series sound technology such company knowledge she those suggest letter,music.png,1
126,14,4568402257829,Interview,433.84,724,realize on who mother begin understand better dog always say,wear.tiff,1
127,20,4517429944472,Author,425.26,130,method but pick themselves indeed issue determine read degree speech,better.jpg,1
128,8,4504249413745,Time,66.87,787,else wrong produce dream eye notice attack capital meeting room,professional.jpg,1
129,5,4512985051657,Science,478.92,120,read measure lot whether your week leader crime public very,foot.jpg,0
130,15,5550414369279,Expert,115.02,182,important party population hope leave agreement success return edge turn,under.png,1
131,10,5543374463484,Similar,163.55,780,know mouth walk military either its cultural effect attention chair,peace.tiff,1
132,14,4586330128707,Determine,46.78,144,maintain trade open miss decade green scientist hold speak different,hope.jpg,1
133,11,5560034965898,Talk,417.93,484,across support once between stage sea next current building safe,task.bmp,1
134,6,4531494615884,Decade,245.36,799,size measure base suggest return painting fly kid parent girl,owner.tiff,1
135,10,4522543646782,Despite,271.49,720,common mission allow skin it history dinner past boy quality,practice.jpeg,0
136,3,5506507467209,Rock,413.6,321,whether few magazine recently factor or current body head office,time.jpg,1
137,7,4569268232579,Imagine,219.17,610,official message growth leave check tend heart west read set,eight.png,0
138,3,4520673412413,Item,332.01,985,series teach bank later test goal else property can film,recently.gif,1
139,12,5513999476817,Though,458.35,483,large worry even by child relationship real window develop chance,sense.png,0
140,9,5584544644364,Song,38.29,342,join federal play how watch because address everyone red picture,tell.gif,0
141,6,4500366130961,Young,471.77,676,lot audience list hospital soldier cut decision culture suggest happy,speak.jpg,1
142,7,4581688427465,Pull,360.69,490,drug consider rule protect lawyer relationship operation truth against none,former.jpeg,1
143,10,5543153211640,Step,98.84,248,move article town they morning maybe tend cause easy enough,rather.png,0
144,16,5553511953488,Heart,451.38,746,community collection stage spring dark suddenly unit song drop produce,Republican.jpg,1
145,16,5576809687537,Feeling,289.7,372,sort we catch ground behavior drug part almost space have,go.jpg,1
146,21,5506783485300,These,426.79,412,performance decide keep career discuss study hospital point lose stuff,car.jpeg,1
147,3,4572103455323,Century,347.89,22,poor quality including while minute could manage policy certain behavior,someone.tiff,0
148,3,5555323165011,Day,293.56,197,daughter check reason customer possible design high position new raise,training.tiff,1
149,17,4534860111249,Hit,343.77,589,tough class continue begin quality game special available campaign traditional,anyone.bmp,1
150,1,4595675393114,Situation,350.2,70,huge receive these still fall care record card stock respond,car.tiff,0
151,16,4588333777197,Impact,132.35,632,material will every minute reality nation break allow focus why,all.jpg,0
152,2,4593574950841,Southern,479.81,485,recognize pattern new rule whose make they field daughter manage,which.jpeg,0
153,15,5582241055094,Join,53.98,57,difficult summer response white base feel alone still future indeed,none.bmp,0
154,14,5574950939628,Thing,234.32,558,generation party because positive society treatment through subject catch ever,fact.png,0
155,5,4576409230950,Religious,338.35,364,head place condition media seat other remain imagine research democrat,attack.jpg,1
156,9,5532804454475,Sister,375.89,419,however upon perform must seem where kid this number performance,individual.jpg,1
157,8,4550847758023,Throughout,329.96,62,standard mission six action civil dream positive foot bit these,language.tiff,0
158,5,5563501721096,Policy,67.1,204,manage pretty along over physical simply good operation forget represent,very.jpg,0
159,21,4515705150289,Tend,254.87,730,box city anyone election him national this everything particularly program,his.gif,0
160,11,5511486166159,Play,155.38,985,though miss ok personal guess human environment else on piece,similar.png,0
161,12,4577104471686,Some,440.37,527,for federal represent little occur eye painting scene majority establish,coach.png,1
162,9,4561418886847,Nothing,97.72,755,catch tend window interest ball edge tell possible direction agreement,soon.tiff,1
163,10,5517544626139,Long,463.9,246,week color including person car community deep new himself page,teach.jpeg,0
164,11,4563852241527,Begin,247.39,230,tv when arm read sort represent determine could interesting above,visit.gif,1
165,8,4532744404784,Apply,454.14,231,position poor very you star during affect present table see,four.jpeg,1
166,7,5572697127865,Hand,108.18,797,fast mr plan tax standard point produce stock on home,stock.gif,0
167,7,5571432455621,Expect,84.47,558,church station himself mouth statement whom leg tv very game,in.gif,0
168,3,4519695288830,Leader,204.85,229,focus nothing onto nation possible send air friend mean behind,manager.jpeg,1
169,16,5558143851317,One,107.22,380,tree that treatment class interview pull record attention hundred read,hospital.gif,1
170,11,4532590246408,Let,360.3,592,could watch if finish participant tax central player hope mind,protect.jpg,0
171,17,5503179705943,Know,117.25,942,opportunity body avoid mind rule reach election nothing plan lawyer,traditional.png,1
172,13,5546053668545,Ago,478.41,21,hard family produce about often discussion agreement whole somebody want,always.jpg,0
173,20,4580383979897,Turn,4.03,430,head machine one sea more interesting guy ten table poor,girl.png,1
174,14,4539940719971,Speak,361.58,522,as skin office purpose order treatment those certainly without letter,bar.bmp,0
175,4,5501494668165,Her,315.05,142,difference dinner pass sense something their back stop spring develop,main.jpg,1
176,14,5550454606082,Mother,445.98,361,tonight relationship station individual offer there discussion market option stay,discover.tiff,0
177,9,5568676766460,Across,439.23,369,land peace red marriage military safe cut one air hope,finish.bmp,1
178,19,4569431274481,Size,271.03,384,life relationship two event him newspaper information radio several performance,foreign.jpg,1
179,7,5515344784219,Suffer,26.93,577,language government democrat individual game large wish floor case theory,central.bmp,0
180,13,5548127118871,Budget,88.33,505,can less foot and some must education away simply allow,after.png,1
181,20,5536591739647,True,34.33,6,stay situation eat decision a place friend happy year establish,sister.jpg,1
182,21,5502327038797,Tv,453.12,662,where morning high responsibility approach animal himself actually computer none,behavior.jpg,0
183,13,4553177118581,Remember,170.52,605,significant or discussion blue space trouble two whom deal range,early.png,0
184,15,5515744557192,Never,482.26,490,action job campaign part task price second interview republican avoid,stage.bmp,0
185,10,4587861803828,Owner,311.18,975,air chance i body material where arm do how realize,brother.bmp,1
186,12,4506515673990,Majority,50.17,191,middle nice say agent create raise news push like like,American.png,0
187,13,5585934736126,Learn,249.34,242,however maintain he him second cell tell common picture him,though.gif,1
188,6,5517235720566,Science,201.77,46,american play sell change town question product of age card,language.bmp,1
189,14,4503103773216,Election,240.78,898,drop experience magazine smile congress change participant nor speech bar,one.jpg,1
190,6,5559958251521,Strong,468.8,292,for as past factor future paper fill analysis product customer,lot.gif,1
191,2,4553888302897,Environment,129.7,469,tell imagine something economy budget audience coach value add both,probably.jpeg,1
192,8,4531787835029,Either,38.72,338,seem over night conference enough quickly range some in set,quite.tiff,0
193,13,4572276442045,Happen,448.19,567,respond candidate marriage decade quite tonight everything he industry south,mission.bmp,0
194,16,4518168177701,For,238.21,872,race life remain listen make number table student lose try,little.png,0
195,1,5508152866789,See,427.85,807,quite box husband however fear include according maintain both respond,stand.gif,0
196,17,4555967306987,Decade,401.86,683,matter thousand within laugh second forward staff amount lay and,design.tiff,1
197,12,5565388770655,Evening,472.06,114,century each should interest medical anything statement major among election,bank.jpg,0
198,10,4510310203320,Wife,126.44,563,various per former baby action rate former early both feeling,down.tiff,1
199,7,5531827390685,Degree,114.05,639,responsibility build mrs rather a ask although suffer speech assume,two.jpg,0
200,6,4577122727468,Firm,37.06,30,staff order offer these line improve letter hundred nor image,bad.bmp,1
201,3,4572570011404,Operation,489.63,843,it too hospital such see indicate rate say statement film,boy.bmp,0
202,22,5534368831952,Accept,232.53,957,rich draw necessary including still ever thing available animal behavior,thing.jpg,1
203,9,5541609645667,Manager,407.86,1,he peace woman ok apply full sort religious building action,hospital.gif,0
204,10,4520433978142,Pull,490.89,733,choice something account against expert edge they base finish way,interesting.gif,1
205,5,5505920218887,Foot,203.91,245,arrive conference accept edge enjoy same seat ability civil machine,difficult.gif,0
206,13,5541326743592,Red,193.94,816,agreement evening mission today skin even another local accept kitchen,its.png,0
207,2,5522476610705,Laugh,334.56,397,door admit exist fish food debate magazine action every language,skill.jpg,1
208,1,4530090782853,Possible,345.89,390,me film population alone matter window special expert character thing,without.jpeg,0
209,1,5559756914130,North,411.23,563,across lose sometimes involve value all else stand book campaign,individual.jpg,0
210,15,4588243054562,Lead,283.59,129,early year that each exist four general career door walk,sure.jpeg,0
211,9,4500829030326,Action,348.44,538,i crime home debate country benefit civil quality every add,for.jpg,1
212,4,5582873357184,Red,318.32,252,head challenge phone really avoid challenge college exactly artist nature,thing.tiff,0
213,14,4525764771127,Soldier,321.42,668,yard myself public building knowledge front believe history make eight,picture.gif,1
214,9,5579256988356,Forward,423.51,338,manage sister chair never decision nature fine property to training,subject.tiff,1
215,3,4516225507904,Offer,155.82,898,let shake per debate most arrive west authority professor arrive,buy.bmp,1
216,2,4577872790439,She,448.43,280,sure culture true year tonight newspaper task majority control available,buy.gif,1
217,19,4599730068207,Glass,467.43,554,movement reduce often couple serve whether act type so item,eight.gif,1
218,12,5549312655768,Surface,381.14,278,home week huge young throughout attention lawyer detail face line,song.bmp,1
219,12,5539410404634,Bed,270,424,middle relate about executive fish education local level company rest,best.gif,0
220,16,5558863826053,Ball,320,41,find court development natural their second allow western hard room,new.jpeg,0
221,18,4567309427656,Since,38.48,759,environmental central attorney compare maintain among store modern gas standard,term.tiff,1
222,7,4543435080637,Decision,488.39,385,necessary indeed sure concern experience reflect worry matter a question,her.gif,0
223,21,4555264519783,Law,43.04,823,attack his friend reflect sort wide activity democrat improve south,worry.gif,1
224,5,5573502671955,Somebody,289.76,800,in ready college build them could suggest official reason whether,hit.png,0
225,15,4581497073136,Any,93.23,603,mrs table gas mother practice democrat believe to yourself hit,charge.gif,0
226,2,4504547903092,Indicate,497.77,133,sometimes there among ask current per always message scientist treat,sound.gif,0
227,18,5551015398897,For,119.69,445,different grow second reduce nor almost time fish wish system,determine.bmp,0
228,12,4536575118476,Him,311.75,696,big interesting go father eat very billion stage investment gas,alone.bmp,1
229,7,5511239651062,Question,446.29,185,back hit old material difficult today guy notice end huge,medical.tiff,1
230,7,4573163426827,Check,219.37,120,relationship various yard quality left work able watch increase camera,his.png,0
231,2,5505815979749,Director,73.88,98,now fine bag white shoulder scene sense old develop while,really.jpeg,0
232,7,4505716236751,Church,308.92,1,light line phone pm particularly car sure perhaps throughout none,remember.tiff,0
233,12,4585542317909,Public,19.63,534,environmental question six beyond newspaper organization usually school argue store,college.gif,0
234,4,4514237037631,Staff,351.34,689,cut high itself individual toward senior check direction money whole,husband.tiff,1
235,13,5509061258955,Agree,22.59,299,world campaign worry reach outside production student why personal explain,education.gif,1
236,8,5595604058212,International,153.66,832,account course contain compare rate open force write hard campaign,property.bmp,0
237,19,5532528666215,Skill,115.23,275,pull but interesting reveal amount reality wait level get performance,it.jpeg,0
238,14,4585648523938,Law,470.33,109,they do class stop everything option box nothing she recognize,laugh.bmp,1
239,4,5538252964771,Nice,121.74,769,song let account such marriage mission stay ground offer stay,administration.png,1
240,2,5529291519510,Report,219.55,174,easy source different significant memory blue continue herself he go,avoid.tiff,0
241,13,4561129391555,Practice,205.27,781,painting her election serve need value rule at think maybe,word.gif,1
242,11,4589016561034,Make,460,111,scientist each work price happen avoid already long subject career,usually.bmp,1
243,2,5558475476615,Since,391.07,616,opportunity help data smile democrat order evidence even hit everything,laugh.jpeg,0
244,6,4525113910856,Full,282.41,892,son defense wrong even strategy at college town consider or,trouble.gif,0
245,12,5559504598759,Result,479.96,414,fish water reason later support worker decide today return brother,in.gif,1
246,1,5579186199020,Focus,431.52,348,soldier same however east detail significant choose what action model,because.bmp,1
247,21,5517053466011,Leave,337.74,838,head finish since cause peace business good bar put field,perform.bmp,0
248,16,5532596019944,Ability,263.78,957,democratic current detail firm business artist should student toward arrive,within.bmp,0
249,12,5596564178019,Rock,118.44,60,movie my long apply computer glass study huge exist senior,himself.tiff,0
250,13,4568071401141,Simple,42.28,177,area clearly major name account hot throughout measure if benefit,sort.bmp,1
251,11,4595905495144,Word,40.31,88,entire box relate cause west attorney imagine republican easy most,authority.jpg,0
252,15,4509788859122,Film,323.06,652,participant professional box worker there west speak building enjoy woman,last.tiff,0
253,20,4548270764803,Process,78.35,644,forget movement each they hit participant i newspaper computer relationship,letter.jpg,0
254,21,5507602603080,Generation,50.19,653,attack phone federal trial kid kind effect memory network now,purpose.jpg,0
255,20,4529828655835,Ahead,134.85,789,member whose team behind a exist mean might everybody town,course.bmp,0
256,18,5595608370877,Organization,50.03,17,physical street husband wonder book dog scientist policy student never,institution.tiff,0
257,14,5524372286619,Anything,248.37,276,trouble professor will establish analysis true government third population range,picture.gif,1
258,14,5525958051911,There,366.86,657,chance test financial everything knowledge standard trouble white purpose detail,different.tiff,1
259,21,5514445029533,Other,250.12,978,popular heart majority rest boy week than apply treatment nearly,catch.png,0
260,10,5581768407546,Store,63.68,643,religious east hospital manage family which radio hotel natural order,feel.png,1
261,16,4537761334571,Father,249.05,160,agency rule together want rise conference impact mrs direction pick,position.jpeg,1
262,4,4527946188204,Executive,310.82,829,detail go tough then section population half far process two,kind.jpeg,0
263,10,4575893426351,Those,76.54,415,south camera energy human nation front open follow suggest usually,girl.gif,1
264,18,4592235260510,Say,307.95,508,or push join performance significant push box middle education forget,since.jpeg,1
265,6,4542513496605,Budget,247.48,471,interest likely risk example democratic evening whose along expert develop,heavy.png,1
266,21,5524590248253,Career,225.15,857,door indeed letter shoulder player leave establish popular third paper,teach.gif,1
267,12,5545374676086,Lot,288.26,690,civil take not serve coach prevent yard discussion it tell,meeting.png,1
268,8,5552744822370,Body,408.43,981,far student moment represent hospital education capital buy fill fall,structure.gif,1
269,21,5546300220991,Human,426.36,862,no whole share situation pressure something oil type wrong represent,follow.jpeg,1
270,17,5555902456851,Sea,128.89,301,author civil media thus blood course whose sea employee physical,law.jpeg,0
271,13,4574500124796,Message,63.63,804,cup dog apply adult out anything range lot ago daughter,just.png,0
272,3,4553036293138,Trade,175.82,472,appear end speak population federal staff room serve former front,it.gif,1
273,3,4565683405468,Lawyer,406,478,approach mrs huge sure improve player determine receive on now,data.png,0
274,17,4598222596921,Information,296.2,210,class fine around music either lose blue property without exactly,artist.gif,0
275,9,4512927069115,Bank,239.29,960,family break month sea trip at or american charge line,hundred.bmp,0
276,10,4505435981369,Run,163.79,830,could life something player discover major concern development eat deep,step.gif,0
277,19,4517379439257,Imagine,9.26,584,air job upon upon environmental admit gun name fall family,tough.bmp,0
278,22,5586671045977,End,352.85,30,process guess always teacher age listen tend bar detail phone,affect.jpeg,0
279,5,5528856206261,Sort,155.87,788,his who appear job bar dinner rest hold local cut,capital.jpeg,0
280,3,4554519826034,Fund,322.74,650,want actually president hair successful side own interest race maintain,view.tiff,1
281,8,4573373913339,Office,158.13,883,near north tell employee economic example heart wear writer phone,for.gif,0
282,6,4599906939607,Take,223.66,345,activity everything ahead tough market example short exist network fight,trial.png,1
283,3,4593805773508,Race,112.23,608,recently process per one quality sister occur performance we interview,father.bmp,1
284,3,4580891130636,Human,96.51,194,join major friend eat writer kitchen beat successful yet skill,second.tiff,0
285,8,5585254679158,Front,137.15,614,board easy special woman cost person body full tough young,reality.bmp,1
286,21,5591877715593,Effort,391.88,287,four test adult light religious high other pay trade claim,high.tiff,0
287,6,5509491518797,Somebody,373.38,647,big draw half own race school some someone quality read,now.png,1
288,13,5580230069299,Everyone,66.7,375,i election concern amount friend ready animal task daughter tough,team.gif,0
289,7,5560376191559,Beat,260.06,605,several pick line friend indeed thought measure ever although concern,appear.jpg,0
290,11,5523600334009,Card,392.82,885,though population news stand from pretty quality statement worry once,good.bmp,1
291,20,5526893386618,Item,335.95,681,cover decision officer stuff whole its themselves share deep series,board.tiff,0
292,19,4546575490083,Green,472.14,413,day job military why us room tree about enter prove,expert.jpg,1
293,13,4517488389641,Thought,66.81,396,stage young seem drop forget create seat particularly management alone,money.jpeg,1
294,7,4577050234571,White,370.4,473,yes onto center best need inside back amount ability war,war.tiff,0
295,15,4552788524217,First,163.79,303,rate on person simple artist lay speak talk safe daughter,make.gif,1
296,14,5540831861784,Arrive,342.87,875,successful believe rich citizen born check movie between anyone maybe,statement.tiff,1
297,2,4542428418174,Meet,192.36,755,organization recognize good last expect bring fill yeah from large,think.png,1
298,4,4545113578528,Government,296.77,558,leg run school cell future more however training group best,discuss.tiff,1
299,9,4542435505003,Fish,167.25,719,thousand sometimes everyone their agent officer though red of rock,exactly.gif,0
300,19,4590537825192,Hotel,213.88,265,million by until might create position especially great paper conference,car.gif,1
301,3,5542619693969,Nothing,485.23,575,point method art no report this wife will simply feel,she.jpeg,0
302,4,5585811174737,Factor,285.37,5,and term allow rest power carry little wait step single,change.png,0
303,5,5565090068545,Power,144.68,606,service care little see pass beyond away trouble night yet,fly.bmp,0
304,7,5578358622274,Player,251.33,970,serious base military today probably see before short choice shake,discussion.bmp,1
305,20,4569097828028,Analysis,133.93,658,daughter guess boy candidate rule buy fill executive security modern,professor.jpeg,0
306,7,4570184007783,Character,127.81,585,central reflect nature role hospital while listen hope beautiful name,list.tiff,1
307,4,5587828348170,Religious,342.38,678,big usually chair account top him newspaper wall hotel keep,everything.png,0
308,14,5514075724679,Structure,175.16,397,top mrs sure as effect purpose sometimes spend president expert,citizen.gif,0
309,16,4553170512386,Moment,176.96,461,education fill movement size surface sister nation major fish yard,lot.jpg,0
310,19,5555099566357,Start,114.19,353,determine add music tv difference science possible stage own forward,TV.gif,1
311,20,5547323801815,Move,489.22,916,yourself business drug bar country from then player return shoulder,team.bmp,1
312,13,4506051842256,Could,483.75,25,left away sea to behavior there prepare population dinner bar,character.jpeg,0
313,10,4542411369711,Picture,50.14,416,often area blue your keep material wait can partner dog,experience.jpg,0
314,5,4539912040195,Cold,197.51,715,concern bring none now evidence father support audience kitchen boy,age.png,0
315,4,4505487060845,Report,489.48,460,culture too for quickly week far never better experience hour,interest.gif,0
316,3,5552417979691,Watch,172.99,607,prove economy past with interesting bar avoid gas scientist structure,feeling.png,1
317,11,5554651192201,Marriage,39.69,872,court heavy station heavy wonder everybody head lead science watch,course.gif,1
318,6,5508537982462,Thing,77.99,91,tell american compare court seven bad suggest hit however fall,person.bmp,1
319,3,4549291425421,Authority,243.75,303,seven woman little community between dog any response serve them,certain.tiff,1
320,21,5515660685610,Left,183.66,250,serve police enough air performance one mean true price bad,through.jpeg,1
321,17,5581946539342,Way,41.67,121,half summer them film represent dinner probably early while team,address.png,1
322,19,4504897227817,Doctor,121.02,652,all letter building rather peace message individual voice trip cell,industry.png,1
323,12,4539853413690,Fear,498.28,290,price number season pick per not surface situation fish alone,especially.jpg,0
324,10,4586408336294,Also,330.84,487,situation back management building forget any table establish important measure,white.jpg,0
325,7,5591692830181,City,462.46,607,series sound technology such company knowledge she those suggest letter,music.png,1
326,14,4568402257829,Interview,433.84,724,realize on who mother begin understand better dog always say,wear.tiff,1
327,20,4517429944472,Author,425.26,130,method but pick themselves indeed issue determine read degree speech,better.jpg,1
328,8,4504249413745,Time,66.87,787,else wrong produce dream eye notice attack capital meeting room,professional.jpg,1
329,5,4512985051657,Science,478.92,120,read measure lot whether your week leader crime public very,foot.jpg,0
330,15,5550414369279,Expert,115.02,182,important party population hope leave agreement success return edge turn,under.png,1
331,10,5543374463484,Similar,163.55,780,know mouth walk military either its cultural effect attention chair,peace.tiff,1
332,14,4586330128707,Determine,46.78,144,maintain trade open miss decade green scientist hold speak different,hope.jpg,1
333,11,5560034965898,Talk,417.93,484,across support once between stage sea next current building safe,task.bmp,1
334,6,4531494615884,Decade,245.36,799,size measure base suggest return painting fly kid parent girl,owner.tiff,1
335,10,4522543646782,Despite,271.49,720,common mission allow skin it history dinner past boy quality,practice.jpeg,0
336,3,5506507467209,Rock,413.6,321,whether few magazine recently factor or current body head office,time.jpg,1
337,7,4569268232579,Imagine,219.17,610,official message growth leave check tend heart west read set,eight.png,0
338,3,4520673412413,Item,332.01,985,series teach bank later test goal else property can film,recently.gif,1
339,12,5513999476817,Though,458.35,483,large worry even by child relationship real window develop chance,sense.png,0
340,9,5584544644364,Song,38.29,342,join federal play how watch because address everyone red picture,tell.gif,0
341,6,4500366130961,Young,471.77,676,lot audience list hospital soldier cut decision culture suggest happy,speak.jpg,1
342,7,4581688427465,Pull,360.69,490,drug consider rule protect lawyer relationship operation truth against none,former.jpeg,1
343,10,5543153211640,Step,98.84,248,move article town they morning maybe tend cause easy enough,rather.png,0
344,16,5553511953488,Heart,451.38,746,community collection stage spring dark suddenly unit song drop produce,Republican.jpg,1
345,16,5576809687537,Feeling,289.7,372,sort we catch ground behavior drug part almost space have,go.jpg,1
346,21,5506783485300,These,426.79,412,performance decide keep career discuss study hospital point lose stuff,car.jpeg,1
347,3,4572103455323,Century,347.89,22,poor quality including while minute could manage policy certain behavior,someone.tiff,0
348,3,5555323165011,Day,293.56,197,daughter check reason customer possible design high position new raise,training.tiff,1
349,17,4534860111249,Hit,343.77,589,tough class continue begin quality game special available campaign traditional,anyone.bmp,1
350,1,4595675393114,Situation,350.2,70,huge receive these still fall care record card stock respond,car.tiff,0
351,16,4588333777197,Impact,132.35,632,material will every minute reality nation break allow focus why,all.jpg,0
352,2,4593574950841,Southern,479.81,485,recognize pattern new rule whose make they field daughter manage,which.jpeg,0
353,15,5582241055094,Join,53.98,57,difficult summer response white base feel alone still future indeed,none.bmp,0
354,14,5574950939628,Thing,234.32,558,generation party because positive society treatment through subject catch ever,fact.png,0
355,5,4576409230950,Religious,338.35,364,head place condition media seat other remain imagine research democrat,attack.jpg,1
356,9,5532804454475,Sister,375.89,419,however upon perform must seem where kid this number performance,individual.jpg,1
357,8,4550847758023,Throughout,329.96,62,standard mission six action civil dream positive foot bit these,language.tiff,0
358,5,5563501721096,Policy,67.1,204,manage pretty along over physical simply good operation forget represent,very.jpg,0
359,21,4515705150289,Tend,254.87,730,box city anyone election him national this everything particularly program,his.gif,0
360,11,5511486166159,Play,155.38,985,though miss ok personal guess human environment else on piece,similar.png,0
361,12,4577104471686,Some,440.37,527,for federal represent little occur eye painting scene majority establish,coach.png,1
362,9,4561418886847,Nothing,97.72,755,catch tend window interest ball edge tell possible direction agreement,soon.tiff,1
363,10,5517544626139,Long,463.9,246,week color including person car community deep new himself page,teach.jpeg,0
364,11,4563852241527,Begin,247.39,230,tv when arm read sort represent determine could interesting above,visit.gif,1
365,8,4532744404784,Apply,454.14,231,position poor very you star during affect present table see,four.jpeg,1
366,7,5572697127865,Hand,108.18,797,fast mr plan tax standard point produce stock on home,stock.gif,0
367,7,5571432455621,Expect,84.47,558,church station himself mouth statement whom leg tv very game,in.gif,0
368,3,4519695288830,Leader,204.85,229,focus nothing onto nation possible send air friend mean behind,manager.jpeg,1
369,16,5558143851317,One,107.22,380,tree that treatment class interview pull record attention hundred read,hospital.gif,1
370,11,4532590246408,Let,360.3,592,could watch if finish participant tax central player hope mind,protect.jpg,0
371,17,5503179705943,Know,117.25,942,opportunity body avoid mind rule reach election nothing plan lawyer,traditional.png,1
372,13,5546053668545,Ago,478.41,21,hard family produce about often discussion agreement whole somebody want,always.jpg,0
373,20,4580383979897,Turn,4.03,430,head machine one sea more interesting guy ten table poor,girl.png,1
374,14,4539940719971,Speak,361.58,522,as skin office purpose order treatment those certainly without letter,bar.bmp,0
375,4,5501494668165,Her,315.05,142,difference dinner pass sense something their back stop spring develop,main.jpg,1
376,14,5550454606082,Mother,445.98,361,tonight relationship station individual offer there discussion market option stay,discover.tiff,0
377,9,5568676766460,Across,439.23,369,land peace red marriage military safe cut one air hope,finish.bmp,1
378,19,4569431274481,Size,271.03,384,life relationship two event him newspaper information radio several performance,foreign.jpg,1
379,7,5515344784219,Suffer,26.93,577,language government democrat individual game large wish floor case theory,central.bmp,0
380,13,5548127118871,Budget,88.33,505,can less foot and some must education away simply allow,after.png,1
381,20,5536591739647,True,34.33,6,stay situation eat decision a place friend happy year establish,sister.jpg,1
382,21,5502327038797,Tv,453.12,662,where morning high responsibility approach animal himself actually computer none,behavior.jpg,0
383,13,4553177118581,Remember,170.52,605,significant or discussion blue space trouble two whom deal range,early.png,0
384,15,5515744557192,Never,482.26,490,action job campaign part task price second interview republican avoid,stage.bmp,0
385,10,4587861803828,Owner,311.18,975,air chance i body material where arm do how realize,brother.bmp,1
386,12,4506515673990,Majority,50.17,191,middle nice say agent create raise news push like like,American.png,0
387,13,5585934736126,Learn,249.34,242,however maintain he him second cell tell common picture him,though.gif,1
388,6,5517235720566,Science,201.77,46,american play sell change town question product of age card,language.bmp,1
389,14,4503103773216,Election,240.78,898,drop experience magazine smile congress change participant nor speech bar,one.jpg,1
390,6,5559958251521,Strong,468.8,292,for as past factor future paper fill analysis product customer,lot.gif,1
391,2,4553888302897,Environment,129.7,469,tell imagine something economy budget audience coach value add both,probably.jpeg,1
392,8,4531787835029,Either,38.72,338,seem over night conference enough quickly range some in set,quite.tiff,0
393,13,4572276442045,Happen,448.19,567,respond candidate marriage decade quite tonight everything he industry south,mission.bmp,0
394,16,4518168177701,For,238.21,872,race life remain listen make number table student lose try,little.png,0
395,1,5508152866789,See,427.85,807,quite box husband however fear include according maintain both respond,stand.gif,0
396,17,4555967306987,Decade,401.86,683,matter thousand within laugh second forward staff amount lay and,design.tiff,1
397,12,5565388770655,Evening,472.06,114,century each should interest medical anything statement major among election,bank.jpg,0
398,10,4510310203320,Wife,126.44,563,various per former baby action rate former early both feeling,down.tiff,1
399,7,5531827390685,Degree,114.05,639,responsibility build mrs rather a ask although suffer speech assume,two.jpg,0
400,6,4577122727468,Firm,37.06,30,staff order offer these line improve letter hundred nor image,bad.bmp,1
401,7,4575942410553,Civil,131.74,632,lay ever real force reveal which change down compare can,reason.jpg,0
402,10,4578770385758,Ground,147.64,92,police institution arm author seem rate suddenly second include else,as.gif,0
403,3,5548079009579,Drive,320.66,463,experience rise suffer power statement never option here do smile,dog.tiff,1
404,6,4528051235647,Almost,268.07,26,police west region listen join building reflect five great language,ever.jpg,1
405,13,4523438791396,Rock,476.14,543,ask thousand pressure away local let different risk style skin,play.jpg,0
406,2,4566675661008,Claim,90.35,388,result raise design catch large back free trade whole throughout,available.jpeg,0
407,8,4578943944218,Until,361.67,642,time entire action much despite animal base chair poor feeling,million.jpg,1
408,9,4591479553303,Level,88.47,536,body live day single article beat well national night enjoy,left.tiff,1
409,14,4524883487018,Age,316.06,824,thank rule group parent prepare statement opportunity fine record head,alone.png,0
410,16,4543188970247,Require,494.66,996,writer throw throw magazine turn pattern than edge institution since,past.bmp,0
411,22,5533398325158,Capital,498.96,693,moment maybe other design good sea sea million determine far,theory.tiff,0
412,11,5568309144061,Will,452.18,570,wall this offer go require lead soldier poor really past,pass.png,0
413,8,4541982708424,Rich,215.61,701,report woman nor civil early position to prove experience say,radio.png,0
414,4,5523622792412,Drop,481.17,456,safe near light guess expect whatever walk form health lead,inside.jpeg,1
415,1,4542290548856,Industry,392.97,121,plan business dog best various land ever assume perhaps bank,program.bmp,0
416,9,4588076778086,Evidence,99.33,634,either nor social compare instead few choose up even on,kind.jpeg,1
417,5,5556486544415,Rock,60.47,190,again keep she book long something box others meeting grow,simply.png,0
418,4,5576492285454,Key,71.83,725,almost common fire instead must fire small crime candidate door,magazine.gif,1
419,19,5596342046820,Glass,246.2,666,anything mr chance from war various serve house message knowledge,social.jpeg,1
420,9,4585205786844,Industry,268.1,12,light kid keep agent close change detail adult personal customer,again.png,0
421,20,4555074991281,Fall,335.76,11,allow also have believe hot none shake go local politics,person.jpeg,0
422,4,5509966366595,Big,481.8,303,last home explain whether city against leg help would need,question.tiff,0
423,7,5516109520448,Value,80.9,122,two nation along quality relate use single office purpose about,ago.tiff,1
424,2,4500307809659,Hour,23.56,531,early pass career door performance letter large apply discover three,foot.gif,1
425,6,4584178589490,Stock,181.7,124,clear prevent vote white trial if through moment so price,drive.jpeg,0
426,4,5549612424958,Such,148.14,978,other half pull need american where long they forget machine,main.jpeg,0
427,7,4514003644162,Week,478.64,913,true want former station candidate security soldier follow over cold,left.tiff,0
428,4,5528379911062,Generation,194.07,233,perhaps law tell music draw hair garden fish agent loss,subject.tiff,0
429,15,4580131204691,Again,364.53,571,another get thing despite bring attention which near road face,just.jpeg,1
430,19,5545613002379,Laugh,203.21,368,if those center interest necessary house cut without western public,hit.jpg,1
431,5,4512329267287,Son,275.85,454,cold agreement paper would tend score thought authority hour fill,we.jpg,1
432,15,5509523272154,City,414.18,878,important fast camera partner wait care building yourself evidence radio,former.jpg,0
433,5,5584824603074,Woman,311.52,739,admit effect forward you during admit it by while only,effort.gif,1
434,20,4526437228832,Site,498.04,522,structure sometimes walk fear military environmental later party pull expect,language.tiff,0
435,1,5562549370693,Think,344.34,925,mind rest outside experience drive station better our small by,official.bmp,0
436,12,4518835361327,Carry,44.79,466,realize soon amount again movie threat forget morning group several,human.jpg,1
437,11,4547987506393,Effort,254.25,991,hit bar send commercial huge design office century seven during,appear.jpeg,1
438,2,5514737926694,Real,444.13,564,arm car change director with a story push style other,message.jpeg,1
439,22,4582845009470,Ability,455.87,273,officer catch listen reach step house prevent his season current,girl.jpg,1
440,14,5504005262043,Up,192.11,273,out for father case together she between change a similar,test.tiff,0
441,17,4505189685346,Return,446.92,971,effort here level mind whom behind daughter decide prove allow,doctor.jpg,0
442,19,5565795564502,Develop,179.41,443,find total above herself different send themselves leader meeting north,early.bmp,0
443,8,5551876860199,Lay,433.44,403,and school culture food perform central prepare well girl day,sound.png,0
444,7,4577527639601,Reality,4.87,958,ago receive concern republican team decision under eat today truth,capital.bmp,0
445,17,5513651091488,Exist,98.76,798,social responsibility scene establish attack property property detail life purpose,right.bmp,1
446,21,4517802968040,Show,135.27,427,month down what discussion maybe far executive miss similar wonder,statement.tiff,1
447,7,4529916515799,Sea,195.82,802,ground scientist difference religious subject think offer student return hair,put.gif,0
448,9,4535221848538,Democrat,337.25,591,continue same alone check lead scene argue situation hour prepare,first.gif,1
449,11,4542514186932,Occur,391.34,35,person happy college number police certain both fight shake level,various.jpg,1
450,7,4590729521628,Fall,275.75,317,front contain economic magazine room well participant success middle character,attorney.jpg,0
451,12,4560997517203,Hold,311.22,898,than cut wonder music so model deal race position task,our.bmp,0
452,6,5534210280808,Expert,86.87,6,run although born manage avoid represent health debate listen since,direction.tiff,0
453,21,5555539068533,Treat,53.02,932,central then quite brother detail food local couple sort sound,particular.tiff,0
454,8,4594733507401,Argue,437.76,617,walk of college carry answer weight book own suffer drop,blood.bmp,0
455,10,5531542645039,Program,328.84,629,team seek senior five conference how guess including operation west,training.jpg,0
456,15,5525680017193,Commercial,424.53,428,house activity computer throw city onto spring too four capital,for.gif,0
457,2,5545205102586,Pay,185.8,257,window forward wind computer candidate together affect traditional truth require,model.tiff,0
458,13,5548196897776,Within,469.83,217,fight mr mr up bring onto night trip fine wish,up.tiff,1
459,11,4512453994455,Picture,286.07,639,these can bank life civil size structure policy finally national,serve.tiff,0
460,14,4533621053187,Human,98.5,794,them voice together education necessary continue easy line right good,safe.gif,1
461,10,5527421473312,Audience,338.76,121,main early say pass other it especially result quite near,work.tiff,0
462,9,4561991155101,Learn,233.52,304,sister subject their guy performance structure seven former lose positive,sport.gif,0
463,13,4586411239117,Deep,364.58,971,scientist often fire pick full enjoy race your under property,if.gif,1
464,8,5522935725780,Pass,297.56,946,rich test key road require recognize sometimes beat require central,full.tiff,0
465,10,4531238057772,The,384.34,13,generation or finally fight participant act who size claim bad,bill.gif,1
466,6,4545902328358,Sense,68.96,515,fill camera someone blue stock professional detail suffer culture school,toward.png,1
467,15,5594465333964,Fire,317.96,129,like arm than cover candidate somebody training skin scientist just,pass.gif,0
468,10,4588408524770,Beyond,404.54,234,top college within window right bank field century hair attorney,yeah.png,1
469,15,4531783551428,Movement,30.4,927,benefit blue them suddenly morning we forget include with test,day.gif,1
470,17,4565497263735,Clearly,280.87,305,take realize no lawyer late thought push for business future,much.jpeg,1
471,12,4543173746901,Thought,453.66,95,look campaign animal organization size may yet fine race door,list.bmp,1
472,21,4516847893287,Magazine,189.76,322,sure less pressure back size maintain state inside central until,day.jpeg,0
473,21,5582260813132,No,360.82,87,standard itself film tend source use under computer never instead,onto.bmp,0
474,14,5560556883380,Store,411.84,613,make could southern either those ok character prepare purpose sea,effort.gif,1
475,19,4526503359606,Full,136.73,578,beat wind hear help party left system identify prevent rich,forget.png,1
476,11,4523220523754,Table,468.39,926,artist foot necessary order from against event old here whether,yeah.gif,1
477,11,5531097926850,Democrat,263.73,709,resource fund team message assume offer surface talk break prove,expect.tiff,0
478,21,4538262226877,Site,274.16,193,still me analysis our second mind reveal couple individual point,southern.bmp,0
479,18,5571736868141,Likely,137.83,998,close team case billion whose these learn head other rock,goal.gif,0
480,21,5531888132057,Under,111.61,637,rest you story action song anyone these large lot upon,rule.tiff,1
481,19,5580988309883,Shoulder,262.1,843,especially choice himself street force onto prepare create mention approach,into.png,0
482,1,5595701253480,Significant,76.43,385,both nothing hold those write environmental world paper adult leg,the.tiff,1
483,7,5514859442751,Degree,416.71,885,his training this take such project point arrive training poor,make.jpg,0
484,15,5508864685340,West,427.56,903,argue bag office investment attorney with ten lay wide able,exactly.gif,1
485,2,5546322186206,Science,307.62,297,night reach record your hot heavy song include management office,enjoy.png,1
486,14,4547328960365,Truth,27.34,895,when that better present drop stop open hear majority once,myself.png,0
487,12,5598182296465,Which,402.58,735,since yourself free feel subject economy little reduce rest mr,gun.jpeg,0
488,20,4561092913143,Drop,45.23,337,approach successful begin majority side beyond final because someone start,responsibility.tiff,1
489,4,5515155874499,Most,369.21,740,cut let letter performance ball represent color agree your garden,leg.gif,0
490,19,5566725042725,With,141.34,928,system process that truth fund budget before firm want why,spend.bmp,1
491,19,4583629715952,Coach,297.36,879,reflect thought until when collection important check low serious week,visit.gif,0
492,3,5536459566514,Include,210.21,109,late however property east effect test consider two look hair,big.gif,0
493,12,5564944577905,Five,59.45,566,situation particular key benefit body become nor firm military carry,kitchen.tiff,0
494,3,5582211322911,Address,68.3,769,condition say throughout analysis dinner according factor later billion and,receive.bmp,1
495,5,4553836637668,Admit,362.72,169,town of maintain southern me ball take stay right off,around.tiff,1
496,13,5550930275733,Nearly,284.41,703,his including surface that difference prepare star option performance rich,total.png,0
497,7,4583716811314,Loss,495.69,466,public line mr main whatever carry believe ago program customer,character.png,1
498,7,4508605149927,Explain,128.99,802,name for most sound spend safe rather culture care purpose,ready.tiff,0
499,15,5508939752182,Interest,130.62,135,senior allow any attorney interview image develop real newspaper south,activity.gif,0
500,2,5505815173864,Remain,47.59,364,serve of enjoy build family spend alone me far stage,agency.gif,0
501,1,5574346723541,Discuss,27.88,417,stop process final true able put happen skin available song,black.bmp,1
502,8,5503405389633,Series,399.03,35,term majority machine even with memory guy industry page recent,against.bmp,1
503,20,4582988744955,Language,62.69,768,understand agree ten star worry our trip police toward hear,interesting.tiff,1
504,13,4532174747536,Make,235.88,808,identify note fear less official yard avoid cost popular live,hard.gif,0
505,4,5541995327963,Prove,44.1,75,attack represent significant perhaps girl very miss drive physical stock,late.gif,0
506,3,4525518829838,Thank,25.23,854,compare either record note morning place at city similar deep,relate.tiff,1
507,15,5572257776601,Everybody,433.52,798,from admit vote effect buy chair produce page would lead,want.jpg,0
508,1,4521796257929,Heart,198.75,112,employee animal teach little character nearly someone talk sea develop,may.gif,0
509,19,4518424244024,Drive,30.26,993,short teach nearly party world partner may computer ask father,fund.gif,1
510,10,4513612544672,Hour,414.1,359,nation second brother rest improve coach record trial step task,stuff.jpeg,1
511,14,5504201613182,Grow,255.83,832,spend both be group cut sell practice statement mean listen,bill.jpeg,0
512,2,5568544869781,How,480.59,412,education perform back bill condition student remember health do direction,produce.png,0
513,9,4592488201957,Cultural,327.63,275,change final forward protect i result security guess early yard,cut.bmp,1
514,3,5537346481958,Politics,2.23,849,star represent area training lay employee nation discussion claim investment,election.jpg,1
515,5,5541850648660,Over,141.5,901,religious road statement movie exactly wall building them collection even,say.png,1
516,17,5571088445335,Note,430.35,742,whom board look sometimes nice different common friend spring require,society.gif,0
517,11,5593251525149,Firm,213.28,223,through agency team information join left like actually professional without,fall.gif,1
518,17,4547259899499,Meeting,349.56,244,control analysis make power quite each similar believe enter relationship,this.jpg,1
519,4,4507438257595,Positive,218.24,211,money partner support many blue watch father expert large face,cover.jpeg,0
520,13,4506072364614,Effect,267.73,491,choose senior value ten memory recent account they risk thought,star.jpeg,1
521,1,5528354149343,Eye,429.71,633,avoid feeling base offer pm let agent way best time,sense.png,1
522,3,4527945257932,Base,457.75,387,side country these start guy federal set trouble specific few,time.tiff,0
523,17,5567604156359,For,347.06,110,doctor black very indicate court money watch protect market back,cause.jpg,1
524,11,5573627624997,Maintain,156.9,619,near raise throw total hot available head task former tend,image.bmp,0
525,16,5536780299112,Assume,250.07,158,remain something be safe half record evening tree method worry,field.jpeg,1
526,11,4514274595712,Because,81.65,6,determine also special reality out street program continue how democratic,think.gif,0
527,11,4530136164742,Billion,488.03,881,west whole describe act position fund once away be office,address.tiff,1
528,2,4599591874139,Several,350.68,633,leader future detail perform stock or quality anyone plant floor,condition.bmp,1
529,3,4508090021012,Just,310.84,319,marriage her purpose race group live clear family upon point,early.gif,1
530,18,4586409806338,War,352.13,840,help evidence fear cup wind born paper hundred performance public,product.jpg,1
531,22,4531220464632,Team,232.77,659,loss majority drug manager charge matter serve blood hard whether,account.jpg,0
532,11,5503824660221,Position,161.3,729,receive animal mother close simple door under assume a program,will.jpeg,1
533,19,5531496481202,While,55.58,463,senior eat watch majority reflect night natural personal to final,job.tiff,0
534,14,4572801829495,Game,150.91,583,box model history probably them next action past budget several,level.jpg,1
535,19,5536149640241,Hot,344.01,302,we administration possible bit book these form prevent him build,operation.gif,1
536,15,4580389361412,Ground,379.42,116,building stock economic responsibility discuss by out strong wonder report,citizen.gif,1
537,19,5526164449899,Education,386.94,620,spring produce mission option drive near tonight republican nearly interest,serve.bmp,1
538,13,4554595368855,Color,172.59,370,dark hand experience check involve author rock radio race travel,training.gif,0
539,15,5576707588486,You,123.93,691,catch everybody protect maybe degree challenge safe country view source,most.bmp,1
540,14,4511167052413,Job,2.75,312,region southern one course thousand nice bit production summer term,reveal.tiff,0
541,7,4506314564611,Threat,417.87,79,recent force sport little show general many particular present money,environment.bmp,0
542,1,4591025194103,Explain,422.93,435,address herself bag bring can consider owner phone leader she,start.jpg,1
543,19,5510736552636,Town,308.63,967,these begin there imagine lawyer girl star past really action,wind.png,0
544,3,4578826974141,Government,142.12,984,security wall thank attention available street rich recent natural shoulder,friend.bmp,1
545,1,4593656787839,Hair,298.75,181,congress build job political often assume team environment tough opportunity,in.gif,0
546,7,4549791428502,West,320.43,441,budget your military former environmental ten couple bed thing economic,practice.png,0
547,21,4555082766871,Station,439.94,69,congress interview really response movie share for note moment note,never.gif,1
548,18,5500921023744,Subject,377.15,168,picture someone almost look job many hotel challenge success never,read.bmp,1
549,15,4543379335848,Various,299.56,403,talk between society part above example lead break catch most,account.jpeg,0
550,14,4520198657801,Call,198.28,281,cultural man difference vote have career thus traditional federal perform,stand.gif,1
551,19,4510925925044,Stage,285.58,881,call adult green audience beautiful return until level challenge agree,number.bmp,1
552,2,4515824527108,She,189.93,707,north from wife put onto again success able science wish,sense.jpeg,1
553,13,5566638460050,Party,17.13,626,above discussion study skin guess trial management defense member weight,listen.gif,1
554,6,4546426815607,Party,292.64,315,whatever strong man color pay one parent cover safe character,option.tiff,0
555,9,4580476628466,President,162.52,633,half itself of describe meet federal community reveal order method,item.gif,0
556,3,4556780279670,Religious,382.09,155,amount magazine miss role question yourself though skill hope government,how.png,1
557,4,4594697917469,Management,127.88,765,every bed level throughout three mrs claim record blood sort,reduce.jpg,1
558,21,4530401953095,Not,335.39,950,cell long bad protect anything recognize during bit our can,affect.gif,1
559,20,4560995632946,Happen,331.06,358,ever never by decision box half free capital toward machine,not.bmp,0
560,16,5524514082154,Team,250.86,356,name either also well item some however rise sell image,management.bmp,1
561,15,5576860740127,Much,433.33,494,answer within home these bad power show stay throw development,song.gif,0
562,8,4535654426884,Language,391.28,225,crime smile several develop listen cup college high increase pretty,usually.bmp,0
563,14,4510402161484,Beautiful,105.41,689,kind we accept concern sign data lose traditional watch model,prepare.bmp,0
564,2,5513706066089,Even,262.14,784,cut election very paper value body ahead trip in course,unit.jpg,1
565,21,5565769618972,Drop,368.08,945,beat everything our according everything image sound easy lay talk,staff.tiff,0
566,7,5538493077827,Since,452.22,544,you condition listen science simple still next speak leg heart,show.jpeg,1
567,22,5520132618935,Control,171.61,962,give personal painting strong nice chair consider appear phone apply,production.png,1
568,4,4546068968846,Car,143.28,426,other under career you operation traditional parent security reach my,material.tiff,0
569,12,4507217471716,Very,138.24,123,security school assume foot price couple can hit which here,evening.gif,0
570,7,4546677794362,Add,424.45,654,miss current beat have bank listen whatever people attention machine,team.tiff,0
571,1,4585229043954,Can,445.86,647,least evidence like wide knowledge so drive take daughter society,into.png,0
572,21,4585019198574,Allow,212.31,210,believe happen truth able road both degree visit side budget,peace.bmp,1
573,14,5582564518863,Able,44.85,906,glass across tv really student tend apply there green instead,stock.tiff,0
574,8,5520586087356,Baby,26.96,705,dream authority seek white better question magazine since option student,often.bmp,1
575,13,4512531028089,Business,80.93,656,exactly find top country tax camera special hard give only,image.png,1
576,18,5573098169959,Poor,407.12,142,do thus reach decade machine event able option soon like,know.jpeg,0
577,12,5579473522760,Provide,406.81,827,lot product on player find soon analysis push challenge third,girl.jpg,1
578,13,4561674566323,Produce,410.06,618,woman through common enjoy type building effort future line simple,believe.tiff,0
579,19,5526313385641,Local,421.88,603,particular learn break design relate imagine necessary success big with,own.tiff,1
580,21,5561008155178,Project,455.83,254,structure for around simply current since answer though build hear,term.jpg,1
581,2,4519592124064,Billion,368.66,991,provide measure attorney identify serve food performance figure policy sound,fight.jpeg,1
582,10,4531076637938,Really,179.79,71,surface thousand miss him reality race as stock rule billion,stay.bmp,0
583,21,5520875953973,Family,489.49,24,skin majority down already system century quickly eat nor decision,bed.jpg,0
584,12,5576384075651,Administration,38.48,191,risk prove teach have effort charge part rate present particular,all.tiff,1
585,17,4586612955755,Young,96,658,social hear example life sport woman family through for read,participant.png,1
586,21,4580182329046,They,178.54,995,until teacher expect finish break answer president else know her,Mr.bmp,0
587,10,5526494870097,Provide,467.84,356,although parent forward peace deal mr activity why deal evidence,simply.tiff,1
588,15,4548637197466,Ask,198.41,352,act one skin event fill young into their source leader,various.gif,1
589,13,5518035208827,Arm,482,951,local heavy sure explain upon development subject within lose together,modern.jpeg,0
590,7,5518508487179,Paper,264.41,547,three stuff event discover area different her before water first,how.bmp,0
591,15,5545869697756,Over,457.92,77,city century serve lay military maintain pass worry institution choose,safe.gif,0
592,5,4553518952584,Act,29.4,940,final traditional discuss everybody nearly design change sound own skill,option.tiff,0
593,20,5545940484381,Establish,215.3,477,there including agent material inside up so nature step effect,institution.jpeg,0
594,11,4572049926482,All,430.75,393,role fear national himself team north movie run property wrong,whose.png,0
595,14,4505715358836,Head,171.7,369,agent career way american environmental since our still morning we,hair.bmp,0
596,2,4546456070359,Half,409.39,558,pattern everyone determine quality care budget cold operation rest pay,relationship.gif,1
597,18,5567416571890,Wife,453.44,415,program room determine boy nation not health sister then share,production.bmp,1
598,9,4542546722580,Water,452.07,365,produce follow onto affect fast recently maintain follow dream subject,late.jpg,1
599,5,4547915109887,Save,472.23,881,use finally spend argue pattern lead production catch still box,not.jpeg,0
600,3,4507442457639,Study,326.04,249,help performance customer lawyer drug enjoy responsibility hospital miss seek,hit.bmp,0
