idusuario,idrol,nombre,tipo_documento,num_documento,direccion,telefono,email,clave,estado
1,1,Chad Bradley,DPI,2169959262922,72421 Joshua Vista,+1-768-326-6333x3417,campbelljill@example.net,U#D8JstV)%7R,1
2,3,Leslie Cruz,Passport,M05342108,3999 John Via Apt. 045,824.460.6450x303,ipatterson@example.org,)&2hnX3hSMTK,1
3,3,Candice Smith,DPI,1708939273887,15286 Sanchez Fork,729.823.6726x6734,mrodriguez@example.org,Lb%XWKbKFv89,0
4,3,Jennifer Murphy,Passport,136410817,03455 Michael Cliff,3099164609,andreathompson@example.net,)oOffFG$b2D5,1
5,3,Anthony Brown,DPI,1402463891115,229 Ian Street Apt. 455,(702)211-5958x6132,walter34@example.com,pDW(ckybIR2E,0
6,3,Kurt Whitaker,Passport,E23060682,43273 Hernandez Station,648.947.1761x3290,thomasrobert@example.com,csH++lCg%9rF,0
7,3,April Morrison,DPI,3557753407532,429 Jackson Village Apt. 643,794.534.7543x36729,adam15@example.net,@3DTv%tn(nbI,1
8,3,Christine Elliott,DPI,4465807115242,191 Moss Viaduct Apt. 877,8169267870,kimkrueger@example.com,c8O9GVsn)QtX,1
9,3,Joseph Mason,Passport,286221120,85866 Grant Centers,001-459-696-8375,williamsjeremy@example.net,_jbPPI4f3yBa,0
10,3,Kayla Coleman,Passport,H25559730,07128 Thompson Neck Suite 518,479.341.6461x782,michaelbonilla@example.org,3ApoMrju&utW,1
11,2,Chad Duke,Passport,440721244,1897 Robin Pine Suite 981,+1-537-747-2716x54524,anthony86@example.net,x&8&AiroPw47,1
12,3,Gerald Young,Passport,C27366278,64021 Micheal Views Suite 621,600-640-8921x94261,jonbanks@example.net,ar&)sKep)_9U,1
13,3,Amanda Jones,DPI,8953534907450,56024 Darrell Manor Apt. 779,515.302.0240x520,jennifer29@example.com,Yu+!XwpGG02C,0
14,3,Ronald Patterson,Passport,935155763,924 Shelby Falls Apt. 790,395.343.0247x3875,perkinsjake@example.net,T_&wTC7q(j46,1
15,3,Dylan Adams,Passport,M28521416,883 Crawford Turnpike Apt. 170,+1-986-491-1110x985,anthony13@example.net,KJXGMbr+T!g7,0
16,3,Melissa Brown,DPI,610877905999,667 Angela Ridge,2538786799,miketurner@example.org,@%A_8fl^V25e,1
17,3,Victoria Spence,DPI,8231543350603,417 David Landing Apt. 285,001-710-991-1618x328,theodoresantiago@example.org,_E2hgEmv+ute,1
18,3,Catherine Stokes,Passport,539741739,68471 Fisher Point Apt. 447,620-929-4177x56020,randywalker@example.org,8+euJBo1a!x4,1
19,3,Lori Nguyen,DPI,1767069740161,3809 Rachel Lodge,+1-831-376-1949x48621,hodgejohn@example.com,&7pwjGgOU$G_,0
20,3,Brett Riggs,DPI,4235798245697,591 Grimes Springs,727-416-3447,wwalsh@example.net,+D*g2o^vug8Y,1
21,2,Harold Mayer,Passport,M81611568,03289 Shaffer Wall,+1-496-525-5258x65295,bdecker@example.org,wfv70)Kx_5^3,1
22,3,Jacob King,Passport,J73646205,82763 Reed Expressway Suite 372,807.818.7883,lmorales@example.com,#lLwIMj^F8sF,0
23,3,David Osborne,DPI,2529907533700,99900 Andrew Forest Apt. 819,2933164984,aguilarmark@example.org,2T9D%k3K3#9),0
24,3,Wendy Scott,DPI,7575986067130,747 Wilson Rapid Apt. 005,+1-752-305-6672x67792,rgonzales@example.net,+LK^yqH8J1Nu,0
25,3,Matthew Simmons,Passport,656090201,962 Brandt Row Apt. 406,+1-823-684-0672x546,dgray@example.net,fSRqBy_0!9sM,0
26,1,Mike Sexton,DPI,3629175782001,9637 Petersen Coves,+1-630-649-0650x39903,ewhitaker@example.org,vm6L_2Ze#1L&,1
27,3,Monica Sanford,Passport,S47363158,1543 Martinez Cliff Apt. 787,(219)582-8402x724,edward55@example.org,@+V*facG2m!$,0
28,3,Lance Williams,Passport,835785419,58635 Massey Summit Apt. 122,242-622-4413x68501,elizabeth78@example.com,(%tN2zcKvk10,1
29,3,Tracy Jones,Passport,G92985329,14541 Rebecca Ford Apt. 370,001-473-335-2605x24657,susan17@example.org,Fn1!cogIT)^H,0
30,3,Ryan Morris,Passport,E51905314,41263 Sabrina Fall Suite 690,263.913.9243x3576,oshaw@example.com,&ghwOau$23g#,0
31,2,James Russell,Passport,W95578594,169 Short Tunnel Apt. 550,283.919.4651,andersonjohn@example.net,3wfB9ubk_ZIv,1
32,3,Linda Lopez,DPI,893313513237,137 Smith Extension,+1-794-754-3074x7231,eanderson@example.com,)4h4hOoUbArE,1
33,3,Jeffrey Ramsey,Passport,065406215,0762 Ivan Shoal,2914942547,rick96@example.org,Smk4LHFxa*aY,0
34,3,Tiffany Thomas,Passport,681665612,6192 Janet Crescent,(486)680-4369x16517,hubercorey@example.com,39oEeuhqV7B+,1
35,3,Andrea Andrade,DPI,1612181068377,012 Gerald Ports Apt. 841,(673)786-6323,gwilliamson@example.net,M30sQ7By)inZ,0
36,3,Abigail Smith,Passport,W52773389,03085 Roberts Alley,472-973-3398x11035,oaguirre@example.org,X^A)vvvV@5rH,1
37,3,Juan Rivera,Passport,772627266,6741 Madison Spur Apt. 198,001-707-437-5351x056,joseph13@example.org,EG4SXw)#_LL0,1
38,3,Vanessa Smith,DPI,7306801622922,113 Brown Mountain Suite 794,9389235859,dunnmark@example.net,Q#8MD@os$*y9,1
39,3,Ashley Davis,DPI,200897020818,4479 Cross Mews,+1-877-888-2749x2689,nmurray@example.net,ZI)oJh3hHA1O,1
40,3,William Wade,DPI,620102963508,24748 Kimberly Well Apt. 825,(651)404-9619,johnrogers@example.net,c%IGQuujt56S,0
41,2,Tiffany Valenzuela,DPI,9911881409977,32157 Joseph Plaza Apt. 957,+1-766-605-9381,jamesdecker@example.com,^lpWfs#$#5W8,1
42,3,Hayley Calderon,Passport,453613546,6466 Mccarthy Shoals,486.371.6664x03509,sheilanichols@example.net,+02^41qxnHmH,0
43,3,Tamara Johnson,DPI,4458552537847,5951 Tiffany Extensions Suite 128,001-517-346-9459,staceyvargas@example.org,)2Y9burn2$wq,0
44,3,Stephanie Hernandez,Passport,164534158,17553 Barbara Village,(625)630-8488x0019,thomas34@example.org,#QBbTx33&%C1,0
45,3,Kimberly Sexton,Passport,D21751221,106 Kelly Tunnel Apt. 872,(876)688-5481,christineholt@example.org,#u@Oix7&V9a3,0
46,3,Paul Ramos,DPI,3994839873654,06465 Wright Isle Apt. 846,6164151099,angela12@example.org,&g6ZHYrq*t!_,0
47,3,Eric Hill,DPI,6420243552202,882 David Islands Apt. 938,001-718-275-9133,jamie19@example.com,9_5$ZC0k9eQ1,1
48,3,Andrew Montgomery PhD,Passport,367274311,37975 Chad Via Suite 362,278-269-4003x7854,courtneyandrews@example.net,@qjg6Mggg$Kc,0
49,3,Oscar Ryan,DPI,5343902328862,66754 William Summit Apt. 233,+1-892-381-4500,williamsbriana@example.com,g70X2Cgj7Y!A,0
50,3,Gabriela Williams,DPI,7730383302505,5042 Amy Springs Suite 879,554-936-4634,wangroberto@example.net,x65iHwmS#M3Q,0
51,1,Chad Bradley,DPI,2169959262922,72421 Joshua Vista,+1-768-326-6333x3417,campbelljill@example.net,U#D8JstV)%7R,1
52,3,Leslie Cruz,Passport,M05342108,3999 John Via Apt. 045,824.460.6450x303,ipatterson@example.org,)&2hnX3hSMTK,1
53,3,Candice Smith,DPI,1708939273887,15286 Sanchez Fork,729.823.6726x6734,mrodriguez@example.org,Lb%XWKbKFv89,0
54,3,Jennifer Murphy,Passport,136410817,03455 Michael Cliff,3099164609,andreathompson@example.net,)oOffFG$b2D5,1
55,3,Anthony Brown,DPI,1402463891115,229 Ian Street Apt. 455,(702)211-5958x6132,walter34@example.com,pDW(ckybIR2E,0
56,3,Kurt Whitaker,Passport,E23060682,43273 Hernandez Station,648.947.1761x3290,thomasrobert@example.com,csH++lCg%9rF,0
57,3,April Morrison,DPI,3557753407532,429 Jackson Village Apt. 643,794.534.7543x36729,adam15@example.net,@3DTv%tn(nbI,1
58,3,Christine Elliott,DPI,4465807115242,191 Moss Viaduct Apt. 877,8169267870,kimkrueger@example.com,c8O9GVsn)QtX,1
59,3,Joseph Mason,Passport,286221120,85866 Grant Centers,001-459-696-8375,williamsjeremy@example.net,_jbPPI4f3yBa,0
60,3,Kayla Coleman,Passport,H25559730,07128 Thompson Neck Suite 518,479.341.6461x782,michaelbonilla@example.org,3ApoMrju&utW,1
61,2,Chad Duke,Passport,440721244,1897 Robin Pine Suite 981,+1-537-747-2716x54524,anthony86@example.net,x&8&AiroPw47,1
62,3,Gerald Young,Passport,C27366278,64021 Micheal Views Suite 621,600-640-8921x94261,jonbanks@example.net,ar&)sKep)_9U,1
63,3,Amanda Jones,DPI,8953534907450,56024 Darrell Manor Apt. 779,515.302.0240x520,jennifer29@example.com,Yu+!XwpGG02C,0
64,3,Ronald Patterson,Passport,935155763,924 Shelby Falls Apt. 790,395.343.0247x3875,perkinsjake@example.net,T_&wTC7q(j46,1
65,3,Dylan Adams,Passport,M28521416,883 Crawford Turnpike Apt. 170,+1-986-491-1110x985,anthony13@example.net,KJXGMbr+T!g7,0
66,3,Melissa Brown,DPI,610877905999,667 Angela Ridge,2538786799,miketurner@example.org,@%A_8fl^V25e,1
67,3,Victoria Spence,DPI,8231543350603,417 David Landing Apt. 285,001-710-991-1618x328,theodoresantiago@example.org,_E2hgEmv+ute,1
68,3,Catherine Stokes,Passport,539741739,68471 Fisher Point Apt. 447,620-929-4177x56020,randywalker@example.org,8+euJBo1a!x4,1
69,3,Lori Nguyen,DPI,1767069740161,3809 Rachel Lodge,+1-831-376-1949x48621,hodgejohn@example.com,&7pwjGgOU$G_,0
70,3,Brett Riggs,DPI,4235798245697,591 Grimes Springs,727-416-3447,wwalsh@example.net,+D*g2o^vug8Y,1
71,2,Harold Mayer,Passport,M81611568,03289 Shaffer Wall,+1-496-525-5258x65295,bdecker@example.org,wfv70)Kx_5^3,1
72,3,Jacob King,Passport,J73646205,82763 Reed Expressway Suite 372,807.818.7883,lmorales@example.com,#lLwIMj^F8sF,0
73,3,David Osborne,DPI,2529907533700,99900 Andrew Forest Apt. 819,2933164984,aguilarmark@example.org,2T9D%k3K3#9),0
74,3,Wendy Scott,DPI,7575986067130,747 Wilson Rapid Apt. 005,+1-752-305-6672x67792,rgonzales@example.net,+LK^yqH8J1Nu,0
75,3,Matthew Simmons,Passport,656090201,962 Brandt Row Apt. 406,+1-823-684-0672x546,dgray@example.net,fSRqBy_0!9sM,0
76,1,Mike Sexton,DPI,3629175782001,9637 Petersen Coves,+1-630-649-0650x39903,ewhitaker@example.org,vm6L_2Ze#1L&,1
77,3,Monica Sanford,Passport,S47363158,1543 Martinez Cliff Apt. 787,(219)582-8402x724,edward55@example.org,@+V*facG2m!$,0
78,3,Lance Williams,Passport,835785419,58635 Massey Summit Apt. 122,242-622-4413x68501,elizabeth78@example.com,(%tN2zcKvk10,1
79,3,Tracy Jones,Passport,G92985329,14541 Rebecca Ford Apt. 370,001-473-335-2605x24657,susan17@example.org,Fn1!cogIT)^H,0
80,3,Ryan Morris,Passport,E51905314,41263 Sabrina Fall Suite 690,263.913.9243x3576,oshaw@example.com,&ghwOau$23g#,0
81,2,James Russell,Passport,W95578594,169 Short Tunnel Apt. 550,283.919.4651,andersonjohn@example.net,3wfB9ubk_ZIv,1
82,3,Linda Lopez,DPI,893313513237,137 Smith Extension,+1-794-754-3074x7231,eanderson@example.com,)4h4hOoUbArE,1
83,3,Jeffrey Ramsey,Passport,065406215,0762 Ivan Shoal,2914942547,rick96@example.org,Smk4LHFxa*aY,0
84,3,Tiffany Thomas,Passport,681665612,6192 Janet Crescent,(486)680-4369x16517,hubercorey@example.com,39oEeuhqV7B+,1
85,3,Andrea Andrade,DPI,1612181068377,012 Gerald Ports Apt. 841,(673)786-6323,gwilliamson@example.net,M30sQ7By)inZ,0
86,3,Abigail Smith,Passport,W52773389,03085 Roberts Alley,472-973-3398x11035,oaguirre@example.org,X^A)vvvV@5rH,1
87,3,Juan Rivera,Passport,772627266,6741 Madison Spur Apt. 198,001-707-437-5351x056,joseph13@example.org,EG4SXw)#_LL0,1
88,3,Vanessa Smith,DPI,7306801622922,113 Brown Mountain Suite 794,9389235859,dunnmark@example.net,Q#8MD@os$*y9,1
89,3,Ashley Davis,DPI,200897020818,4479 Cross Mews,+1-877-888-2749x2689,nmurray@example.net,ZI)oJh3hHA1O,1
90,3,William Wade,DPI,620102963508,24748 Kimberly Well Apt. 825,(651)404-9619,johnrogers@example.net,c%IGQuujt56S,0
91,2,Tiffany Valenzuela,DPI,9911881409977,32157 Joseph Plaza Apt. 957,+1-766-605-9381,jamesdecker@example.com,^lpWfs#$#5W8,1
92,3,Hayley Calderon,Passport,453613546,6466 Mccarthy Shoals,486.371.6664x03509,sheilanichols@example.net,+02^41qxnHmH,0
93,3,Tamara Johnson,DPI,4458552537847,5951 Tiffany Extensions Suite 128,001-517-346-9459,staceyvargas@example.org,)2Y9burn2$wq,0
94,3,Stephanie Hernandez,Passport,164534158,17553 Barbara Village,(625)630-8488x0019,thomas34@example.org,#QBbTx33&%C1,0
95,3,Kimberly Sexton,Passport,D21751221,106 Kelly Tunnel Apt. 872,(876)688-5481,christineholt@example.org,#u@Oix7&V9a3,0
96,3,Paul Ramos,DPI,3994839873654,06465 Wright Isle Apt. 846,6164151099,angela12@example.org,&g6ZHYrq*t!_,0
97,3,Eric Hill,DPI,6420243552202,882 David Islands Apt. 938,001-718-275-9133,jamie19@example.com,9_5$ZC0k9eQ1,1
98,3,Andrew Montgomery PhD,Passport,367274311,37975 Chad Via Suite 362,278-269-4003x7854,courtneyandrews@example.net,@qjg6Mggg$Kc,0
99,3,Oscar Ryan,DPI,5343902328862,66754 William Summit Apt. 233,+1-892-381-4500,williamsbriana@example.com,g70X2Cgj7Y!A,0
100,3,Gabriela Williams,DPI,7730383302505,5042 Amy Springs Suite 879,554-936-4634,wangroberto@example.net,x65iHwmS#M3Q,0
101,1,Keith Grimes,Passport,185728218,698 Megan Forge,(922)829-3445,oliviastafford@example.org,_n!$3DbyIzd@,0
102,3,Kayla Johnson,DPI,41353077372,25426 Freeman Causeway Apt. 474,+1-981-510-4119x57101,matthew44@example.org,q+R_t5gCiOKZ,0
103,3,Nicolas Thompson,DPI,6102309976958,91833 Harrison Hollow,(819)859-7435x563,nkhan@example.net,)5pFvirVPNTt,0
104,3,Kimberly Kim,Passport,U74222619,5749 Brooks Hollow Suite 503,9985141144,rodriguezamy@example.org,ha6JcmYV(8uN,0
105,3,Jasmin Reilly,Passport,A62714163,761 William Pine,(765)270-2521x60159,xwalton@example.com,Bh2!jm@Ezd_Z,1
106,3,Stephen Krueger,Passport,U25627584,35564 Colon Key Suite 662,001-283-371-2902x843,christopherreynolds@example.net,w1k+ZFQE0VN!,1
107,3,Nicolas Fowler,Passport,D21797337,23372 Mann Groves,001-285-287-7020x194,dennissandra@example.com,W@W00Wpr4%99,1
108,3,Christian Wilson,DPI,7127797519444,08789 Gregory Estates,311.593.2361x966,danielmedina@example.net,3C3Qka*s!BLc,1
109,3,Nicole Jones,Passport,193234460,4063 Boyle Terrace,6916323609,bryanwilliams@example.com,dUd)BKtyk*6c,1
110,3,Kelly Hernandez,Passport,Q65928071,7655 Lynn Drive Apt. 699,273.626.3629,katherine03@example.com,C)DayPxm#3ZB,0
111,2,Mark Barber,Passport,M56084135,304 Rasmussen Streets,+1-450-515-7629x889,robinsonclaire@example.com,%3(FBvyb^Zw8,0
112,3,Susan Ross,Passport,140346919,0728 Jerry Lakes,5548036707,jenna07@example.net,w3UJ_UXm*$d_,0
113,3,Rebecca Myers,Passport,405643937,770 Lane Gardens,+1-718-676-7591x18778,alexandria96@example.org,!+sPq)C5$7Mw,1
114,3,Timothy Barnes,Passport,S79161573,058 Clark Landing Apt. 566,(954)681-6076,david19@example.net,Lp1KuRJf+2Eu,1
115,3,Danny Sweeney,Passport,S84916620,85122 Juan Keys,401.946.9761,thompsonmarvin@example.net,8L(ATzpkjOU1,0
116,3,Gary Montgomery,DPI,2699471863565,147 Cain Divide Suite 208,(226)475-0618x113,shane22@example.com,0_UWg9l!XQoZ,0
117,3,Mr. Patrick Burns DVM,Passport,492216458,6493 Wilson Courts Suite 143,390.260.0821x80720,joannehiggins@example.org,P)UYER5cYgJ9,1
118,3,Amanda Saunders,Passport,302014718,75788 Carey Landing,942-342-0603x5761,jose92@example.com,o&52gP^UGeem,1
119,3,John Anderson,DPI,6912114660093,24857 Christopher Well,427-509-9776x7764,codyeaton@example.net,+TI2QpQaw933,0
120,3,Thomas Guzman,Passport,P92106748,292 Turner Isle,001-473-286-9666,jenniferburns@example.com,eHwVjta_IK5),0
121,2,Kathleen Robinson,Passport,W67806265,787 Daniel Common Apt. 426,001-863-239-2390,kennedycindy@example.org,$6vNGsY3*Zv0,0
122,3,Richard Cobb,DPI,5471582378749,465 Emily Manor,+1-808-453-6121,jessicathomas@example.net,eur_k7Qg7lFK,1
123,3,Jamie Dixon,DPI,5570484603421,605 Richard Brooks,(981)210-5868,schmidtcorey@example.net,nNqF99Eoux&!,0
124,3,Donald Johnson,DPI,2001418734402,8615 Bauer Haven Suite 167,352.531.2643x80407,nguyenmarie@example.net,TdOihJWF)T5D,1
125,3,Matthew Warren,DPI,611937605597,7144 Michael River,5043132905,malonenancy@example.org,#*h1LrHiJNWy,1
126,1,Jessica Morgan,DPI,9728230418654,8644 Porter Crescent Suite 981,343.567.9871x7713,lwilson@example.org,+Q(Yo%UkO6jy,0
127,3,Brad Dalton,DPI,2928542429692,203 Mark Land Suite 860,840.813.6326x1604,howelldarren@example.com,K^)fp2Ao#k)o,0
128,3,Sonya Smith,DPI,2407419932279,894 Douglas Spring,3889791143,kristen30@example.net,8#880U&ocbql,0
129,3,Laura Summers,Passport,L07047101,082 Fitzgerald Spur Suite 569,+1-744-653-1128x23976,qparsons@example.org,#bZPGJsj#s4L,0
130,3,Diana Sparks,Passport,E03434152,491 Walker Isle,854.478.8262x9943,kmurray@example.org,^6WBMN98(#au,0
131,2,James House,DPI,7240048910201,268 Jennifer Center Suite 293,691.541.9163,alexandercastaneda@example.com,mF%u+VbP8Gk2,1
132,3,Debra Robinson,Passport,645109534,73503 Olivia Points,(919)236-3066x69547,dcruz@example.com,k+KTAUJY(m6h,1
133,3,David Williams,Passport,J24123940,5318 Lori Circle Suite 208,6794896552,michaelcruz@example.net,MY@hZEgjiYK2,1
134,3,Kayla Walker,DPI,579811094719,1233 Lawson Ports Suite 812,324.339.8294,seanwest@example.org,@LRajQ2!r7Fd,1
135,3,Crystal Hoffman,Passport,020437907,7206 Lane Lights,+1-264-992-8829x8081,heather83@example.org,5ywEuBG7$T4z,0
136,3,Nicholas Adams,DPI,8183338827055,77516 Mitchell Mount,211-853-0501x70424,snydermichael@example.com,I_0PFClKLIdE,0
137,3,Lawrence Long,Passport,094484592,5855 Pierce Drives Apt. 556,001-647-976-3917x05677,jennifer00@example.com,(13CROQh_Lyq,1
138,3,Hannah Caldwell,Passport,P33520590,354 Garrett Common Suite 842,726.602.0346,glennthomas@example.org,(90A6RNmDP%3,1
139,3,Chad Pratt,Passport,O17319087,33081 Billy Freeway Apt. 507,+1-310-630-1399x7371,markbowen@example.org,_)bl0Kie1asF,1
140,3,Ashley Carlson,DPI,7412677958791,279 Palmer Manor,608.714.4865,timothy15@example.org,s&h+drLj6JR2,0
141,2,Leah Howard,DPI,1499090461797,887 Morales Gateway,001-865-705-7818,michael54@example.org,NZ1pBe7sn*g8,1
142,3,Lori Wagner,Passport,F97542113,34511 Noah Loop,(346)554-7074x6808,rosegerald@example.net,q8(^Ngohj&%5,0
143,3,Kenneth Collier,DPI,9992465274094,02944 Danny Overpass Apt. 679,(984)533-0756x0332,tjohnson@example.com,CD_s3pbdzs1K,0
144,3,Miranda Galloway,Passport,Z84353140,07986 Bolton Street Apt. 096,(656)953-5538x3382,tinalopez@example.org,^l*hLbFly9qW,1
145,3,Elizabeth Brown,DPI,801693666561,6959 Manuel Street Suite 480,(844)991-7497,hfuller@example.org,gB8+INAs%$IA,0
146,3,Brian Kramer,Passport,349129455,48283 Nathaniel Burg Suite 191,686-754-9705x8103,davidadams@example.org,^w^6LTbk)R#9,1
147,3,David Cook,Passport,695688844,2229 Santos Dam,+1-329-304-9923,melanielane@example.net,p0Aa9GRp@hEb,0
148,3,Joshua Taylor,DPI,8116636146441,6155 Larry Extension Apt. 535,223-210-6996x389,yolandalyons@example.net,0VAvNOF8@c#@,1
149,3,Dawn Welch,DPI,936518626612,0372 Leonard Port,+1-437-641-7885,wilsonkevin@example.com,^eGki298x6le,1
150,3,Mrs. Tara Barajas,DPI,4518825461140,6653 David Island,+1-701-945-2610x371,taylorpreston@example.org,K^5B9Lmvwy82,0
